﻿Designator,Footprint,Quantity,Value,LCSC Part #
C1,0402,1,1u,C1525
C10,0402,1,0.1u,
C13,0402,1,1u,
"C2, C8",0402,2,4u7,
"C3, C5",0402,2,100n,
"C4, C6",0402,2,47u,
C7,0402,1,100u,
C9,0402,1,0.22u,
"J1, J2",PinHeader_1x02_P2.54mm_Vertical,2,Conn_01x02,
R1,0402,1,1k,C26083
R10,0402,1,4k7,
"R11, R4, R6",0402,3,10k,
"R2, R7, R8, R9",0402,4,100k,
R3,0402,1,5k,
R5,0402,1,220k,
"RV1, RV2",PinHeader_1x03_P2.54mm_Vertical,2,100k,
SW1,SW_SPDT_PCM12,1,SW_SPDT,C221841
U1,DIP254P762X533-8,1,TL072,
U2,BT_Transmitter,1,~,
U3,VREG_LM7805MP_NOPB,1,LM7805_TO220,C2848241
